Date,Close
2007-01-03,80.517962
2007-01-04,81.378851
2007-01-05,80.642129
2007-01-08,81.867244
2007-01-09,82.835742
2007-01-10,81.858964
2007-01-11,81.660299
2007-01-12,82.231462
2007-01-16,83.456576
2007-01-17,82.794351
2007-01-18,82.322518
2007-01-19,79.607407
2007-01-22,80.38552
2007-01-23,80.360688
2007-01-24,80.625577
2007-01-25,80.716633
2007-01-26,80.666962
2007-01-29,81.569243
2007-01-30,82.2563
2007-01-31,82.074188
2007-02-01,81.95002
2007-02-02,82.090741
2007-02-05,83.092352
2007-02-06,82.65363
2007-02-07,82.645331
2007-02-08,82.711754
2007-02-09,81.823363
2007-02-12,81.84827
2007-02-13,81.60749
2007-02-14,82.363035
2007-02-15,82.13056
2007-02-16,82.188678
2007-02-20,82.487577
2007-02-21,82.271704
2007-02-22,81.781847
2007-02-23,81.14254
2007-02-26,80.461716
2007-02-27,78.012409
2007-02-28,77.165533
2007-03-01,76.609246
2007-03-02,75.471777
2007-03-05,76.227321
2007-03-06,77.879568
2007-03-07,77.995806
2007-03-08,77.215348
2007-03-09,77.447823
2007-03-12,78.136951
2007-03-13,76.974568
2007-03-14,77.846357
2007-03-15,77.588968
2007-03-16,77.422916
2007-03-19,78.037316
2007-03-20,78.460756
2007-03-21,79.174791
2007-03-22,79.033647
2007-03-23,78.9008
2007-03-26,78.875893
2007-03-27,78.651722
2007-03-28,78.261493
2007-03-29,78.518875
2007-03-30,78.261493
2007-04-02,79.050249
2007-04-03,79.789191
2007-04-04,79.880522
2007-04-05,80.137904
2007-04-09,80.220937
2007-04-10,80.08809
2007-04-11,79.008739
2007-04-12,79.432174
2007-04-13,78.817774
2007-04-16,79.855615
2007-04-17,80.636073
2007-04-18,78.709841
2007-04-19,78.2864
2007-04-20,78.52718
2007-04-23,79.050249
2007-04-24,81.773542
2007-04-25,84.239453
2007-04-26,83.774502
2007-04-27,83.998673
2007-04-30,84.862157
2007-05-01,85.659218
2007-05-02,84.870462
2007-05-03,85.352021
2007-05-04,85.484862
2007-05-07,85.65092
2007-05-08,86.092674
2007-05-09,87.001191
2007-05-10,87.251245
2007-05-11,88.334803
2007-05-14,87.993063
2007-05-15,87.376272
2007-05-16,88.243117
2007-05-17,87.77635
2007-05-18,90.010143
2007-05-21,89.218316
2007-05-22,88.934921
2007-05-23,88.0014
2007-05-24,86.642784
2007-05-25,87.667997
2007-05-29,88.276458
2007-05-30,89.12663
2007-05-31,88.851572
2007-06-01,88.801564
2007-06-04,88.543179
2007-06-05,88.218107
2007-06-06,85.359193
2007-06-07,84.850754
2007-06-08,85.909302
2007-06-11,86.034329
2007-06-12,85.300841
2007-06-13,85.95098
2007-06-14,86.559435
2007-06-15,87.592978
2007-06-18,87.793024
2007-06-19,88.768223
2007-06-20,88.35147
2007-06-21,88.851572
2007-06-22,87.051206
2007-06-25,87.601315
2007-06-26,87.793024
2007-06-27,87.876373
2007-06-28,88.309793
2007-06-29,87.726342
2007-07-02,87.526303
2007-07-03,88.834905
2007-07-05,90.060157
2007-07-06,90.876988
2007-07-09,90.82698
2007-07-10,90.543585
2007-07-11,90.935333
2007-07-12,91.085364
2007-07-13,90.518581
2007-07-16,91.4021
2007-07-17,92.327284
2007-07-18,92.585675
2007-07-19,96.569825
2007-07-20,95.694643
2007-07-23,97.003244
2007-07-24,96.828209
2007-07-25,98.436873
2007-07-26,97.128271
2007-07-27,96.369785
2007-07-30,95.452925
2007-07-31,92.227267
2007-08-01,93.385838
2007-08-02,94.37771
2007-08-03,93.260811
2007-08-06,94.92782
2007-08-07,94.627758
2007-08-08,94.502297
2007-08-09,92.620281
2007-08-10,94.2179
2007-08-13,94.276451
2007-08-14,93.724397
2007-08-15,93.038507
2007-08-16,91.75037
2007-08-17,92.762476
2007-08-20,91.357237
2007-08-21,91.206676
2007-08-22,92.009668
2007-08-23,93.222521
2007-08-24,94.71977
2007-08-27,94.887064
2007-08-28,93.682571
2007-08-29,95.832252
2007-08-30,96.501415
2007-08-31,97.605531
2007-09-04,98.860208
2007-09-05,98.600904
2007-09-06,98.383431
2007-09-07,96.651977
2007-09-10,96.86109
2007-09-11,98.157586
2007-09-12,97.028378
2007-09-13,96.986552
2007-09-14,96.300662
2007-09-17,95.790426
2007-09-18,97.55534
2007-09-19,97.588799
2007-09-20,97.747726
2007-09-21,97.680809
2007-09-24,97.23749
2007-09-25,97.45497
2007-09-26,98.115767
2007-09-27,98.458709
2007-09-28,98.533993
2007-10-01,99.562825
2007-10-02,99.002404
2007-10-03,97.362959
2007-10-04,96.76908
2007-10-05,97.279316
2007-10-08,98.508894
2007-10-09,98.952219
2007-10-10,99.219883
2007-10-11,98.743106
2007-10-12,98.542353
2007-10-15,98.726373
2007-10-16,100.039602
2007-10-17,96.844357
2007-10-18,96.024638
2007-10-19,93.916777
2007-10-22,94.828512
2007-10-23,95.924262
2007-10-24,94.477198
2007-10-25,94.360095
2007-10-26,95.129635
2007-10-29,96.024638
2007-10-30,95.455851
2007-10-31,97.128754
2007-11-01,95.062718
2007-11-02,95.848978
2007-11-05,94.853605
2007-11-06,94.661218
2007-11-07,93.242605
2007-11-08,89.070694
2007-11-09,84.151702
2007-11-12,85.159001
2007-11-13,88.36558
2007-11-14,86.829449
2007-11-15,86.963752
2007-11-16,87.962662
2007-11-19,85.805357
2007-11-20,86.812657
2007-11-21,85.805357
2007-11-23,87.341494
2007-11-26,85.595502
2007-11-27,87.156821
2007-11-28,90.128364
2007-11-29,90.237486
2007-11-30,88.290035
2007-12-03,88.835658
2007-12-04,89.507189
2007-12-05,90.791505
2007-12-06,92.084204
2007-12-07,91.379095
2007-12-10,91.823986
2007-12-11,89.80938
2007-12-12,91.051723
2007-12-13,90.80829
2007-12-14,88.785289
2007-12-17,87.744412
2007-12-18,89.238576
2007-12-19,89.935294
2007-12-20,91.362303
2007-12-21,93.217424
2007-12-24,93.721074
2007-12-26,93.645523
2007-12-27,92.000263
2007-12-28,92.411576
2007-12-31,90.741135
2008-01-02,87.878722
2008-01-03,88.054999
2008-01-04,84.890388
2008-01-07,83.983821
2008-01-08,81.918845
2008-01-09,82.523228
2008-01-10,83.874692
2008-01-11,81.986001
2008-01-14,86.401343
2008-01-15,85.477984
2008-01-16,85.310097
2008-01-17,84.865206
2008-01-18,86.795871
2008-01-22,84.965939
2008-01-23,89.062298
2008-01-24,89.742232
2008-01-25,87.736016
2008-01-28,88.122154
2008-01-29,89.062298
2008-01-30,88.684563
2008-01-31,89.910113
2008-02-01,91.563768
2008-02-04,90.598436
2008-02-05,88.155725
2008-02-06,87.287813
2008-02-07,86.234528
2008-02-08,87.018172
2008-02-11,88.593889
2008-02-12,89.765141
2008-02-13,91.357707
2008-02-14,89.428089
2008-02-15,89.453373
2008-02-19,88.475921
2008-02-20,90.877409
2008-02-21,90.102193
2008-02-22,91.062789
2008-02-25,92.756472
2008-02-26,96.379768
2008-02-27,98.132436
2008-02-28,97.104429
2008-02-29,95.941604
2008-03-03,96.253379
2008-03-04,97.500465
2008-03-05,97.230824
2008-03-06,94.81248
2008-03-07,96.009016
2008-03-10,96.068
2008-03-11,98.157713
2008-03-12,98.646439
2008-03-13,97.668994
2008-03-14,97.096007
2008-03-17,97.365648
2008-03-18,99.775564
2008-03-19,98.5369
2008-03-20,99.708152
2008-03-24,100.323267
2008-03-25,99.404805
2008-03-26,98.511622
2008-03-27,97.340363
2008-03-28,96.539869
2008-03-31,97.020167
2008-04-01,98.157713
2008-04-02,96.742098
2008-04-03,97.761677
2008-04-04,97.542599
2008-04-07,98.00604
2008-04-08,97.972334
2008-04-09,98.393648
2008-04-10,100.087332
2008-04-11,97.744828
2008-04-14,98.82339
2008-04-15,98.730701
2008-04-16,101.511375
2008-04-17,103.710634
2008-04-18,104.822903
2008-04-21,104.780769
2008-04-22,104.207781
2008-04-23,104.148798
2008-04-24,104.645951
2008-04-25,103.710634
2008-04-28,102.539382
2008-04-29,103.516827
2008-04-30,101.705176
2008-05-01,104.157226
2008-05-02,103.794896
2008-05-05,102.825872
2008-05-06,103.491549
2008-05-07,105.031402
2008-05-08,105.691337
2008-05-09,104.963715
2008-05-12,105.96208
2008-05-13,107.09582
2008-05-14,107.891124
2008-05-15,108.68644
2008-05-16,108.144948
2008-05-19,107.01967
2008-05-20,105.911318
2008-05-21,104.591447
2008-05-22,105.5052
2008-05-23,105.082164
2008-05-27,107.721912
2008-05-28,109.600187
2008-05-29,109.74403
2008-05-30,109.507118
2008-06-02,107.755756
2008-06-03,108.161867
2008-06-04,107.916511
2008-06-05,108.694896
2008-06-06,105.708262
2008-06-09,106.486647
2008-06-10,106.554335
2008-06-11,104.278398
2008-06-12,104.78604
2008-06-13,106.732009
2008-06-16,107.205807
2008-06-17,105.843631
2008-06-18,105.048327
2008-06-19,105.775943
2008-06-20,103.8469
2008-06-23,104.456073
2008-06-24,104.456073
2008-06-25,105.403676
2008-06-26,102.484723
2008-06-27,101.57097
2008-06-30,100.284936
2008-07-01,100.911028
2008-07-02,100.767197
2008-07-03,101.139471
2008-07-07,102.797772
2008-07-08,104.811421
2008-07-09,101.867094
2008-07-10,104.219173
2008-07-11,103.322339
2008-07-14,102.831616
2008-07-15,104.236092
2008-07-16,106.554335
2008-07-17,107.045052
2008-07-18,109.896317
2008-07-21,108.855652
2008-07-22,109.989386
2008-07-23,109.583275
2008-07-24,109.989386
2008-07-25,108.745658
2008-07-28,106.816615
2008-07-29,108.00958
2008-07-30,109.024864
2008-07-31,108.280323
2008-08-01,107.146583
2008-08-04,107.924967
2008-08-05,109.03332
2008-08-06,109.704325
2008-08-07,109.610894
2008-08-08,109.407041
2008-08-11,107.529939
2008-08-12,106.357814
2008-08-13,106.850449
2008-08-14,107.818728
2008-08-15,107.326093
2008-08-18,105.822708
2008-08-19,104.098493
2008-08-20,104.056029
2008-08-21,104.463722
2008-08-22,106.111497
2008-08-25,104.353306
2008-08-26,104.047533
2008-08-27,104.794974
2008-08-28,105.814219
2008-08-29,103.393523
2008-09-02,100.573623
2008-09-03,100.514161
2008-09-04,97.677276
2008-09-05,97.108201
2008-09-08,99.622329
2008-09-09,97.711252
2008-09-10,100.259354
2008-09-11,101.244618
2008-09-12,101.049267
2008-09-15,97.838658
2008-09-16,98.569115
2008-09-17,94.679009
2008-09-18,97.779203
2008-09-19,100.94734
2008-09-22,98.70501
2008-09-23,97.983049
2008-09-24,98.917352
2008-09-25,102.017545
2008-09-26,101.431479
2008-09-29,97.218617
2008-09-30,99.342036
2008-10-01,93.540853
2008-10-02,88.962763
2008-10-03,87.858589
2008-10-06,85.463372
2008-10-07,81.242014
2008-10-08,76.91024
2008-10-09,75.593718
2008-10-10,74.532009
2008-10-13,78.320187
2008-10-14,79.500808
2008-10-15,74.990668
2008-10-16,77.734122
2008-10-17,77.105591
2008-10-20,78.575
2008-10-21,75.474807
2008-10-22,71.007132
2008-10-23,71.644157
2008-10-24,69.7076
2008-10-27,67.660628
2008-10-28,74.132805
2008-10-29,74.914221
2008-10-30,77.029151
2008-10-31,78.965709
2008-11-03,78.719391
2008-11-04,79.330937
2008-11-05,76.392126
2008-11-06,72.72797
2008-11-07,73.684576
2008-11-10,71.634703
2008-11-11,70.669548
2008-11-12,68.1072
2008-11-13,71.925099
2008-11-14,68.611132
2008-11-17,66.176903
2008-11-18,68.397603
2008-11-19,64.887186
2008-11-20,61.274273
2008-11-21,63.956196
2008-11-24,68.235319
2008-11-25,68.884449
2008-11-26,69.755644
2008-11-28,69.695856
2008-12-01,65.681514
2008-12-02,68.192611
2008-12-03,68.901528
2008-12-04,66.142738
2008-12-05,68.833198
2008-12-08,72.480276
2008-12-09,70.626846
2008-12-10,70.772044
2008-12-11,68.824661
2008-12-12,70.208325
2008-12-15,70.69517
2008-12-16,73.795615
2008-12-17,73.317306
2008-12-18,71.745736
2008-12-19,71.335757
2008-12-22,70.028961
2008-12-23,68.841741
2008-12-24,68.77341
2008-12-26,69.465248
2008-12-29,69.396917
2008-12-30,71.361386
2008-12-31,71.882398
2009-01-02,74.624109
2009-01-05,74.154342
2009-01-06,76.212765
2009-01-07,74.982836
2009-01-08,74.461825
2009-01-09,72.343614
2009-01-12,73.206273
2009-01-13,72.890248
2009-01-14,71.053904
2009-01-15,71.848232
2009-01-16,72.531521
2009-01-20,70.020425
2009-01-21,78.083274
2009-01-22,76.930219
2009-01-23,76.43483
2009-01-26,78.237015
2009-01-27,78.288267
2009-01-28,80.98727
2009-01-29,79.014264
2009-01-30,78.279724
2009-02-02,77.664759
2009-02-03,79.842758
2009-02-04,79.287581
2009-02-05,78.928854
2009-02-06,82.561415
2009-02-09,83.145374
2009-02-10,80.096765
2009-02-11,81.719832
2009-02-12,81.64254
2009-02-13,80.586259
2009-02-17,77.863984
2009-02-18,78.585348
2009-02-19,76.369739
2009-02-20,76.249513
2009-02-23,72.453785
2009-02-24,74.197071
2009-02-25,73.76769
2009-02-26,76.40409
2009-02-27,79.031901
2009-03-02,76.472793
2009-03-03,75.373572
2009-03-04,76.850644
2009-03-05,75.124536
2009-03-06,73.690398
2009-03-09,71.689487
2009-03-10,74.927018
2009-03-11,76.103525
2009-03-12,77.632121
2009-03-13,77.597769
2009-03-16,78.336306
2009-03-17,79.787616
2009-03-18,78.963199
2009-03-19,79.572926
2009-03-20,79.44411
2009-03-23,84.768434
2009-03-24,84.416345
2009-03-25,84.115773
2009-03-26,84.828547
2009-03-27,80.85248
2009-03-30,81.170218
2009-03-31,83.205487
2009-04-01,83.823797
2009-04-02,86.580423
2009-04-03,87.782692
2009-04-06,87.215906
2009-04-07,84.802785
2009-04-08,86.898168
2009-04-09,87.336132
2009-04-13,85.833298
2009-04-14,85.249339
2009-04-15,84.88866
2009-04-16,87.104269
2009-04-17,86.966864
2009-04-20,86.245506
2009-04-21,87.859977
2009-04-22,88.066085
2009-04-23,87.095679
2009-04-24,85.944941
2009-04-27,85.833298
2009-04-28,87.542239
2009-04-29,89.345639
2009-04-30,88.632865
2009-05-01,89.835133
2009-05-04,91.19198
2009-05-05,90.899997
2009-05-06,90.312995
2009-05-07,88.560596
2009-05-08,87.611025
2009-05-11,88.828207
2009-05-12,89.725986
2009-05-13,88.275729
2009-05-14,87.2312
2009-05-15,87.507439
2009-05-18,90.278464
2009-05-19,91.081285
2009-05-20,89.820944
2009-05-21,88.759146
2009-05-22,87.956325
2009-05-26,90.658289
2009-05-27,88.854104
2009-05-28,90.373422
2009-05-29,91.745983
2009-06-01,93.550174
2009-06-02,92.220772
2009-06-03,91.927264
2009-06-04,91.789148
2009-06-05,92.5747
2009-06-08,92.790512
2009-06-09,93.351624
2009-06-10,93.532906
2009-06-11,94.439318
2009-06-12,93.412051
2009-06-15,92.902738
2009-06-16,92.643761
2009-06-17,92.367522
2009-06-18,91.789148
2009-06-19,91.409317
2009-06-22,90.226665
2009-06-23,90.15761
2009-06-24,89.907267
2009-06-25,91.556067
2009-06-26,91.228035
2009-06-29,91.357524
2009-06-30,90.140341
2009-07-01,90.502904
2009-07-02,87.818209
2009-07-06,87.749147
2009-07-07,86.488806
2009-07-08,86.911796
2009-07-09,88.120344
2009-07-10,87.041284
2009-07-13,89.449747
2009-07-14,89.130343
2009-07-15,92.557438
2009-07-16,95.509744
2009-07-17,99.636068
2009-07-20,100.516584
2009-07-21,101.034532
2009-07-22,99.765556
2009-07-23,101.051794
2009-07-24,101.552479
2009-07-27,101.543845
2009-07-28,101.241709
2009-07-29,101.224447
2009-07-30,101.742395
2009-07-31,101.802822
2009-08-03,103.520683
2009-08-04,103.244444
2009-08-05,102.268976
2009-08-06,101.800639
2009-08-07,103.491828
2009-08-10,102.945441
2009-08-11,102.156225
2009-08-12,103.457136
2009-08-13,103.708646
2009-08-14,102.832697
2009-08-17,101.349659
2009-08-18,102.017458
2009-08-19,102.832697
2009-08-20,103.162259
2009-08-21,103.986174
2009-08-24,103.483153
2009-08-25,103.058191
2009-08-26,103.613246
2009-08-27,103.578554
2009-08-28,102.529153
2009-08-31,102.381718
2009-09-01,101.202224
2009-09-02,100.681855
2009-09-03,100.890005
2009-09-04,101.870023
2009-09-08,101.609844
2009-09-09,101.262933
2009-09-10,102.052149
2009-09-11,102.381718
2009-09-14,103.10155
2009-09-15,103.50917
2009-09-16,105.651339
2009-09-17,105.703373
2009-09-18,105.902849
2009-09-21,105.43452
2009-09-22,105.469212
2009-09-23,104.784064
2009-09-24,104.88814
2009-09-25,105.009558
2009-09-28,103.491828
2009-09-29,103.040841
2009-09-30,103.734663
2009-10-01,102.251625
2009-10-02,103.222968
2009-10-05,103.856081
2009-10-06,105.243719
2009-10-07,106.483921
2009-10-08,106.058958
2009-10-09,109.215836
2009-10-12,110.178511
2009-10-13,110.161162
2009-10-14,111.314644
2009-10-15,110.993751
2009-10-16,105.495229
2009-10-19,106.726757
2009-10-20,106.518613
2009-10-21,104.827431
2009-10-22,106.405869
2009-10-23,104.385119
2009-10-26,104.168301
2009-10-27,104.636629
2009-10-28,105.373811
2009-10-29,106.561979
2009-10-30,104.601938
2009-11-02,104.558571
2009-11-03,105.078941
2009-11-04,105.191684
2009-11-05,106.761448
2009-11-06,107.580345
2009-11-09,109.766975
2009-11-10,110.55974
2009-11-11,110.803665
2009-11-12,109.99348
2009-11-13,110.664275
2009-11-16,111.692259
2009-11-17,112.058147
2009-11-18,111.639978
2009-11-19,111.108572
2009-11-20,110.603294
2009-11-23,111.683538
2009-11-24,111.448326
2009-11-25,110.882067
2009-11-27,109.505622
2009-11-30,110.071882
2009-12-01,111.45704
2009-12-02,110.821086
2009-12-03,111.117286
2009-12-04,110.855933
2009-12-07,110.672989
2009-12-08,110.463911
2009-12-09,111.849062
2009-12-10,112.676668
2009-12-11,112.972861
2009-12-14,113.190653
2009-12-15,111.936184
2009-12-16,112.127842
2009-12-17,110.986609
2009-12-18,111.430906
2009-12-21,112.075561
2009-12-22,113.190653
2009-12-23,113.251641
2009-12-24,113.748212
2009-12-28,115.264033
2009-12-29,114.863304
2009-12-30,115.490545
2009-12-31,114.035685
2010-01-04,115.385996
2010-01-05,113.992138
2010-01-06,113.251641
2010-01-07,112.859619
2010-01-08,113.992138
2010-01-11,112.798631
2010-01-12,113.695931
2010-01-13,113.452005
2010-01-14,115.264033
2010-01-15,114.802316
2010-01-19,116.858269
2010-01-20,113.469432
2010-01-21,112.380474
2010-01-22,109.331392
2010-01-25,109.871517
2010-01-26,109.549183
2010-01-27,110.054461
2010-01-28,107.80685
2010-01-29,106.622063
2010-02-01,108.608322
2010-02-02,109.357526
2010-02-03,109.470782
2010-02-04,107.153476
2010-02-05,107.606479
2010-02-08,106.652662
2010-02-09,107.816497
2010-02-10,107.466471
2010-02-11,108.271533
2010-02-12,108.507797
2010-02-16,109.584128
2010-02-17,110.546696
2010-02-18,111.841785
2010-02-19,111.29925
2010-02-22,111.001725
2010-02-23,110.660451
2010-02-24,111.64927
2010-02-25,111.19424
2010-02-26,111.272999
2010-03-01,112.506841
2010-03-02,111.500511
2010-03-03,111.027976
2010-03-04,110.88797
2010-03-05,111.351752
2010-03-08,110.616702
2010-03-09,109.864148
2010-03-10,109.925402
2010-03-11,111.658023
2010-03-12,111.955547
2010-03-15,111.85929
2010-03-16,112.59434
2010-03-17,111.798036
2010-03-18,112.340577
2010-03-19,111.75428
2010-03-22,111.990551
2010-03-23,113.206881
2010-03-24,112.471831
2010-03-25,113.093132
2010-03-26,113.110623
2010-03-29,112.524333
2010-03-30,112.681851
2010-03-31,112.226815
2010-04-01,112.226815
2010-04-05,113.189389
2010-04-06,112.821851
2010-04-07,112.428075
2010-04-08,111.666775
2010-04-09,112.673092
2010-04-12,112.323072
2010-04-13,112.909363
2010-04-14,114.852003
2010-04-15,114.53698
2010-04-16,114.309469
2010-04-19,115.709561
2010-04-20,113.486907
2010-04-21,112.874366
2010-04-22,112.996874
2010-04-23,113.749429
2010-04-26,114.396967
2010-04-27,112.725607
2010-04-28,113.845686
2010-04-29,114.16071
2010-04-30,112.883112
2010-05-03,113.408155
2010-05-04,112.113052
2010-05-05,111.535514
2010-05-06,108.993618
2010-05-07,107.39284
2010-05-10,111.060555
2010-05-11,111.605877
2010-05-12,116.698456
2010-05-13,115.643
2010-05-14,115.387937
2010-05-17,114.728276
2010-05-18,114.297293
2010-05-19,113.338588
2010-05-20,108.888076
2010-05-21,110.31294
2010-05-24,109.459777
2010-05-25,109.521345
2010-05-26,108.386734
2010-05-27,111.166103
2010-05-28,110.172216
2010-06-01,109.363026
2010-06-02,112.063246
2010-06-03,112.546993
2010-06-04,110.189804
2010-06-07,109.178322
2010-06-08,108.817711
2010-06-09,108.97603
2010-06-10,112.300721
2010-06-11,112.97797
2010-06-14,113.02195
2010-06-15,114.156562
2010-06-16,114.64912
2010-06-17,115.203226
2010-06-18,114.4732
2010-06-21,114.912974
2010-06-22,113.725592
2010-06-23,114.438024
2010-06-24,112.749293
2010-06-25,111.808176
2010-06-28,113.44413
2010-06-29,110.022688
2010-06-30,108.606621
2010-07-01,107.806229
2010-07-02,107.18175
2010-07-06,108.589026
2010-07-07,111.702628
2010-07-08,112.555791
2010-07-09,112.546993
2010-07-12,113.171472
2010-07-13,114.763452
2010-07-14,114.974549
2010-07-15,114.974549
2010-07-16,112.608562
2010-07-19,114.156562
2010-07-20,111.306834
2010-07-21,110.181007
2010-07-22,112.116017
2010-07-23,112.916409
2010-07-26,112.942794
2010-07-27,113.136296
2010-07-28,112.960376
2010-07-29,112.599771
2010-07-30,112.93399
2010-08-02,115.009725
2010-08-03,114.666701
2010-08-04,115.458303
2010-08-05,115.950848
2010-08-06,115.031589
2010-08-09,116.675656
2010-08-10,116.534228
2010-08-11,114.75758
2010-08-12,113.405205
2010-08-13,113.025124
2010-08-16,112.936728
2010-08-17,113.537785
2010-08-18,114.368659
2010-08-19,113.93554
2010-08-20,112.698077
2010-08-23,111.787654
2010-08-24,110.399921
2010-08-25,110.726962
2010-08-26,108.526037
2010-08-27,110.249659
2010-08-30,109.074061
2010-08-31,108.835403
2010-09-01,111.168915
2010-09-02,110.523668
2010-09-03,112.768791
2010-09-07,111.328019
2010-09-08,111.442931
2010-09-09,111.690424
2010-09-10,113.131189
2010-09-13,114.56312
2010-09-14,113.891356
2010-09-15,114.40401
2010-09-16,114.616152
2010-09-17,115.075787
2010-09-20,116.49003
2010-09-21,116.657974
2010-09-22,117.179489
2010-09-23,116.383965
2010-09-24,118.540699
2010-09-27,119.018003
2010-09-28,119.230145
2010-09-29,119.751647
2010-09-30,118.567215
2010-10-01,119.893075
2010-10-04,119.548352
2010-10-05,121.67857
2010-10-06,121.837666
2010-10-07,122.615508
2010-10-08,122.730421
2010-10-11,123.446383
2010-10-12,123.614327
2010-10-13,124.073949
2010-10-14,125.072767
2010-10-15,124.683846
2010-10-18,126.248365
2010-10-19,122.005611
2010-10-20,122.924881
2010-10-21,123.596645
2010-10-22,123.455217
2010-10-25,123.605479
2010-10-26,124.339123
2010-10-27,125.010888
2010-10-28,124.542418
2010-10-29,126.928976
2010-11-01,126.681484
2010-11-02,127.141105
2010-11-03,127.432796
2010-11-04,129.748627
2010-11-05,129.863539
2010-11-08,130.032228
2010-11-09,129.748114
2010-11-10,130.11213
2010-11-11,129.117746
2010-11-12,127.617317
2010-11-15,127.528528
2010-11-16,126.285566
2010-11-17,126.028086
2010-11-18,128.16777
2010-11-19,128.780378
2010-11-22,129.082239
2010-11-23,127.120119
2010-11-24,129.455127
2010-11-26,127.75936
2010-11-29,126.862653
2010-11-30,125.593056
2010-12-01,128.212165
2010-12-02,128.895787
2010-12-03,129.073365
2010-12-06,128.72711
2010-12-07,127.86591
2010-12-08,128.718223
2010-12-09,128.114502
2010-12-10,128.57618
2010-12-13,128.096742
2010-12-14,129.464014
2010-12-15,128.487391
2010-12-16,128.336461
2010-12-17,128.735984
2010-12-20,128.30094
2010-12-21,129.392986
2010-12-22,129.579424
2010-12-23,129.526156
2010-12-27,129.037844
2010-12-28,129.366352
2010-12-29,130.085496
2010-12-30,130.218665
2010-12-31,130.298567
2011-01-03,130.937809
2011-01-04,131.079866
2011-01-05,130.556047
2011-01-06,131.985461
2011-01-07,131.337332
2011-01-10,131.079866
2011-01-11,130.760245
2011-01-12,132.37611
2011-01-13,132.127517
2011-01-14,133.175156
2011-01-18,133.752242
2011-01-19,138.226935
2011-01-20,138.324598
2011-01-21,138.058245
2011-01-24,141.725005
2011-01-25,143.331983
2011-01-26,142.976841
2011-01-27,143.003489
2011-01-28,141.352116
2011-01-31,143.829168
2011-02-01,145.214187
2011-02-02,144.983355
2011-02-03,145.187553
2011-02-04,145.604837
2011-02-07,146.332867
2011-02-08,148.008606
2011-02-09,146.760708
2011-02-10,146.261555
2011-02-11,146.04764
2011-02-14,145.486085
2011-02-15,145.147368
2011-02-16,145.646521
2011-02-17,146.395265
2011-02-18,146.930067
2011-02-22,144.354067
2011-02-23,142.776375
2011-02-24,143.302281
2011-02-25,144.648214
2011-02-28,144.29168
2011-03-01,142.589199
2011-03-02,142.758557
2011-03-03,145.717831
2011-03-04,144.24711
2011-03-07,142.553537
2011-03-08,144.648214
2011-03-09,147.839247
2011-03-10,144.416468
2011-03-11,144.781911
2011-03-14,143.854914
2011-03-15,141.742419
2011-03-16,136.376491
2011-03-17,137.428277
2011-03-18,138.952491
2011-03-21,140.548001
2011-03-22,140.833239
2011-03-23,142.197003
2011-03-24,142.651586
2011-03-25,144.559074
2011-03-28,143.837083
2011-03-29,145.183029
2011-03-30,145.824802
2011-03-31,145.352388
2011-04-01,146.422005
2011-04-04,146.404174
2011-04-05,146.172428
2011-04-06,146.216985
2011-04-07,146.520054
2011-04-08,146.225907
2011-04-11,146.136766
2011-04-12,145.512824
2011-04-13,146.136766
2011-04-14,147.045947
2011-04-15,148.151225
2011-04-18,147.910557
2011-04-19,147.429221
2011-04-20,146.849849
2011-04-21,149.996312
2011-04-25,149.452588
2011-04-26,150.183501
2011-04-27,151.859229
2011-04-28,152.224686
2011-04-29,152.046419
2011-05-02,153.445831
2011-05-03,154.087603
2011-05-04,152.082067
2011-05-05,150.156762
2011-05-06,151.213252
2011-05-09,151.401278
2011-05-10,152.547307
2011-05-11,151.759407
2011-05-12,154.212632
2011-05-13,152.135446
2011-05-16,151.186393
2011-05-17,152.654743
2011-05-18,152.601025
2011-05-19,152.73532
2011-05-20,152.350332
2011-05-23,150.649186
2011-05-24,150.407455
2011-05-25,150.192569
2011-05-26,149.682221
2011-05-27,149.968735
2011-05-31,151.249059
2011-06-01,149.127118
2011-06-02,148.706309
2011-06-03,147.775166
2011-06-06,147.506562
2011-06-07,146.557508
2011-06-08,147.139471
2011-06-09,147.587139
2011-06-10,146.100878
2011-06-13,146.09193
2011-06-14,146.942496
2011-06-15,145.339851
2011-06-16,145.644262
2011-06-17,147.22901
2011-06-20,147.748307
2011-06-21,148.822707
2011-06-22,148.339218
2011-06-23,148.733168
2011-06-24,147.793076
2011-06-27,150.076171
2011-06-28,152.216023
2011-06-29,152.69055
2011-06-30,153.594848
2011-07-01,156.271893
2011-07-05,157.068741
2011-07-06,159.110119
2011-07-07,158.008846
2011-07-08,158.017809
2011-07-11,156.674805
2011-07-12,155.833187
2011-07-13,156.074932
2011-07-14,155.994341
2011-07-15,157.167229
2011-07-18,156.934446
2011-07-19,165.825137
2011-07-20,164.428402
2011-07-21,165.547572
2011-07-22,165.798265
2011-07-25,164.473172
2011-07-26,163.783759
2011-07-27,162.369141
2011-07-28,162.772039
2011-07-29,162.816809
2011-08-01,161.831934
2011-08-02,159.41453
2011-08-03,160.112891
2011-08-04,153.532168
2011-08-05,154.875171
2011-08-08,149.470775
2011-08-09,153.418414
2011-08-10,146.161585
2011-08-11,149.92938
2011-08-12,151.251256
2011-08-15,155.558597
2011-08-16,153.984937
2011-08-17,154.200744
2011-08-18,147.321605
2011-08-19,141.665412
2011-08-22,142.960312
2011-08-23,147.762235
2011-08-24,149.956356
2011-08-25,148.895266
2011-08-26,152.096538
2011-08-29,155.225871
2011-08-30,155.126955
2011-08-31,154.587422
2011-09-01,153.16663
2011-09-02,150.154188
2011-09-06,148.472624
2011-09-07,150.450938
2011-09-08,148.598516
2011-09-09,145.109482
2011-09-12,146.053681
2011-09-13,146.961903
2011-09-14,150.387998
2011-09-15,152.950809
2011-09-16,155.558597
2011-09-19,155.684489
2011-09-20,157.114269
2011-09-21,155.585573
2011-09-22,151.628933
2011-09-23,152.276383
2011-09-26,156.925424
2011-09-27,159.802986
2011-09-28,159.659105
2011-09-29,161.11586
2011-09-30,157.249149
2011-10-03,155.828357
2011-10-04,157.132258
2011-10-05,159.029643
2011-10-06,163.381935
2011-10-07,164.011397
2011-10-10,167.815155
2011-10-11,166.3584
2011-10-12,167.365538
2011-10-13,167.995013
2011-10-14,171.331166
2011-10-17,167.788179
2011-10-18,160.873063
2011-10-19,159.515224
2011-10-20,159.389332
2011-10-21,163.327984
2011-10-24,163.885505
2011-10-25,162.185952
2011-10-26,163.63372
2011-10-27,167.149731
2011-10-28,168.561522
2011-10-31,166.025687
2011-11-01,163.076199
2011-11-02,165.387225
2011-11-03,168.426642
2011-11-04,167.599348
2011-11-07,168.444631
2011-11-08,169.058557
2011-11-09,164.535286
2011-11-10,165.53745
2011-11-11,169.175932
2011-11-14,169.148847
2011-11-15,170.412831
2011-11-16,168.489757
2011-11-17,167.686222
2011-11-18,167.243834
2011-11-21,163.849112
2011-11-22,163.695629
2011-11-23,160.662054
2011-11-25,159.858519
2011-11-28,164.508202
2011-11-29,163.361579
2011-11-30,169.735694
2011-12-01,171.044823
2011-12-02,171.234427
2011-12-05,172.299783
2011-12-06,174.195772
2011-12-07,175.197936
2011-12-08,172.967897
2011-12-09,175.658384
2011-12-12,173.509598
2011-12-13,172.579664
2011-12-14,170.385747
2011-12-15,169.266208
2011-12-16,165.736078
2011-12-19,165.122133
2011-12-20,169.049533
2011-12-21,163.840088
2011-12-22,164.354705
2011-12-23,166.801433
2011-12-27,166.982
2011-12-28,166.115273
2011-12-29,168.092501
2011-12-30,166.015959
2012-01-03,168.200853
2012-01-04,167.514678
2012-01-05,166.72018
2012-01-06,164.80613
2012-01-09,163.948426
2012-01-10,163.695629
2012-01-11,164.607516
2012-01-12,163.009468
2012-01-13,161.754508
2012-01-17,162.512898
2012-01-18,163.478954
2012-01-19,162.982384
2012-01-20,170.205179
2012-01-23,171.523332
2012-01-24,173.283886
2012-01-25,173.103318
2012-01-26,172.426181
2012-01-27,171.95671
2012-01-30,173.798516
2012-01-31,173.888807
2012-02-01,173.906854
2012-02-02,172.922751
2012-02-03,174.827764
2012-02-06,174.087435
2012-02-07,174.565944
2012-02-08,174.883166
2012-02-09,175.046319
2012-02-10,174.402793
2012-02-13,174.584063
2012-02-14,174.221523
2012-02-15,174.248713
2012-02-16,174.946618
2012-02-17,175.309158
2012-02-21,175.281969
2012-02-22,175.71702
2012-02-23,179.106831
2012-02-24,179.24278
2012-02-27,179.03432
2012-02-28,179.442182
2012-02-29,178.309225
2012-03-01,179.03432
2012-03-02,180.194466
2012-03-05,181.871248
2012-03-06,178.789597
2012-03-07,179.251853
2012-03-08,181.100832
2012-03-09,181.834985
2012-03-12,182.179408
2012-03-13,184.699103
2012-03-14,185.551088
2012-03-15,186.711234
2012-03-16,186.720293
2012-03-19,186.457453
2012-03-20,185.125095
2012-03-21,185.523898
2012-03-22,186.248993
2012-03-23,186.239921
2012-03-26,188.315505
2012-03-27,187.780739
2012-03-28,187.880439
2012-03-29,188.768687
2012-03-30,189.113097
2012-04-02,189.856323
2012-04-03,189.883513
2012-04-04,186.756555
2012-04-05,186.230862
2012-04-09,185.75049
2012-04-10,183.384876
2012-04-11,183.611467
2012-04-12,186.094913
2012-04-13,183.810869
2012-04-16,183.738358
2012-04-17,188.025461
2012-04-18,181.390875
2012-04-19,180.828919
2012-04-20,180.910503
2012-04-23,180.022255
2012-04-24,181.273043
2012-04-25,184.508774
2012-04-26,186.330563
2012-04-27,187.445388
2012-04-30,187.690111
2012-05-01,188.523965
2012-05-02,188.578345
2012-05-03,187.835132
2012-05-04,185.795811
2012-05-07,184.671913
2012-05-08,183.379478
2012-05-09,183.151938
2012-05-10,182.578545
2012-05-11,183.09733
2012-05-14,181.522753
2012-05-15,181.15868
2012-05-16,181.786694
2012-05-17,180.111999
2012-05-18,178.282578
2012-05-21,179.993674
2012-05-22,179.138133
2012-05-23,178.501008
2012-05-24,178.473705
2012-05-25,176.84452
2012-05-29,178.810474
2012-05-30,177.053854
2012-05-31,175.570285
2012-06-01,172.093472
2012-06-04,171.601977
2012-06-05,172.202687
2012-06-06,176.562372
2012-06-07,176.971942
2012-06-08,177.609053
2012-06-11,175.215322
2012-06-12,177.072061
2012-06-13,175.752328
2012-06-14,177.572653
2012-06-15,181.213302
2012-06-18,180.476059
2012-06-19,181.058562
2012-06-20,180.922043
2012-06-21,176.016269
2012-06-22,176.298417
2012-06-25,175.533884
2012-06-26,174.705634
2012-06-27,175.661307
2012-06-28,174.205042
2012-06-29,178.009527
2012-07-02,178.237067
2012-07-03,178.328075
2012-07-05,177.745572
2012-07-06,174.214152
2012-07-09,172.630465
2012-07-10,169.526808
2012-07-11,168.607549
2012-07-12,166.641596
2012-07-13,169.299268
2012-07-16,168.188869
2012-07-17,167.151284
2012-07-18,171.338036
2012-07-19,177.791083
2012-07-20,175.160715
2012-07-23,173.686256
2012-07-24,173.240272
2012-07-25,173.913797
2012-07-26,176.525958
2012-07-27,178.746756
2012-07-30,179.010697
2012-07-31,178.373586
2012-08-01,177.645454
2012-08-02,176.981039
2012-08-03,180.685406
2012-08-06,180.903836
2012-08-07,181.968724
2012-08-08,181.923035
2012-08-09,181.365465
2012-08-10,182.160682
2012-08-13,181.90475
2012-08-14,181.246634
2012-08-15,181.34718
2012-08-16,183.57746
2012-08-17,183.924803
2012-08-20,183.266687
2012-08-21,181.575692
2012-08-22,180.29603
2012-08-23,178.879252
2012-08-24,180.771339
2012-08-27,178.870117
2012-08-28,178.120591
2012-08-29,178.312547
2012-08-30,176.749518
2012-08-31,178.10232
2012-09-04,177.818953
2012-09-05,178.275977
2012-09-06,181.987025
2012-09-07,182.352639
2012-09-10,183.678006
2012-09-11,185.798605
2012-09-12,186.255629
2012-09-13,188.623011
2012-09-14,189.03433
2012-09-17,189.345103
2012-09-18,189.271991
2012-09-19,188.686987
2012-09-20,188.458475
2012-09-21,188.275668
2012-09-24,187.644972
2012-09-25,187.36162
2012-09-26,186.465856
2012-09-27,188.211692
2012-09-28,189.61932
2012-10-01,192.37975
2012-10-02,191.803895
2012-10-03,192.416306
2012-10-04,192.306624
2012-10-05,192.489431
2012-10-08,191.785624
2012-10-09,190.112914
2012-10-10,188.129431
2012-10-11,188.074576
2012-10-12,189.939242
2012-10-15,190.972108
2012-10-16,192.864194
2012-10-17,183.385518
2012-10-18,178.202865
2012-10-19,176.740383
2012-10-22,177.690987
2012-10-23,174.81174
2012-10-24,174.327296
2012-10-25,175.131663
2012-10-26,176.658122
2012-10-31,177.809817
2012-11-01,180.20462
2012-11-02,176.804359
2012-11-05,177.453339
2012-11-06,178.303411
2012-11-07,175.494178
2012-11-08,174.521048
2012-11-09,174.09874
2012-11-12,173.740701
2012-11-13,172.886923
2012-11-14,170.307194
2012-11-15,170.619342
2012-11-16,171.620011
2012-11-19,174.75056
2012-11-20,173.694796
2012-11-21,174.695466
2012-11-23,177.633233
2012-11-26,177.073222
2012-11-27,175.558434
2012-11-28,176.24697
2012-11-29,175.833851
2012-11-30,174.493508
2012-12-03,173.951849
2012-12-04,173.841687
2012-12-05,173.189867
2012-12-06,174.15382
2012-12-07,176.21943
2012-12-10,176.834521
2012-12-11,178.285039
2012-12-12,177.137478
2012-12-13,176.25616
2012-12-14,176.044998
2012-12-17,177.752569
2012-12-18,179.652937
2012-12-19,179.092927
2012-12-20,178.808334
2012-12-21,177.568962
2012-12-24,176.632549
2012-12-26,176.21943
2012-12-27,176.917156
2012-12-28,174.273171
2012-12-31,175.852216
2013-01-02,180.258852
2013-01-03,179.267358
2013-01-04,178.092257
2013-01-07,177.31191
2013-01-08,177.064033
2013-01-09,176.559117
2013-01-10,177.073222
2013-01-11,178.514551
2013-01-14,176.834521
2013-01-15,176.724359
2013-01-16,176.80698
2013-01-17,177.78011
2013-01-18,178.532916
2013-01-22,180.010975
2013-01-23,187.942915
2013-01-24,187.667497
2013-01-25,188.172427
2013-01-28,188.135697
2013-01-29,187.190108
2013-01-30,186.841259
2013-01-31,186.42814
2013-02-01,188.365209
2013-02-04,187.089122
2013-02-05,186.171074
2013-02-06,185.322925
2013-02-07,184.142878
2013-02-08,185.931377
2013-02-11,184.530079
2013-02-12,184.41944
2013-02-13,184.465539
2013-02-14,184.059895
2013-02-15,185.28604
2013-02-19,184.677589
2013-02-20,183.746448
2013-02-21,182.842977
2013-02-22,185.387451
2013-02-25,182.087002
2013-02-26,183.589724
2013-02-27,186.530628
2013-02-28,185.147759
2013-03-01,187.06534
2013-03-04,189.1673
2013-03-05,190.40266
2013-03-06,192.108204
2013-03-07,193.066987
2013-03-08,193.95203
2013-03-11,193.675453
2013-03-12,194.108753
2013-03-13,195.500836
2013-03-14,198.948796
2013-03-15,198.137508
2013-03-18,196.561045
2013-03-19,196.773081
2013-03-20,198.266575
2013-03-21,195.685216
2013-03-22,195.519279
2013-03-25,194.283919
2013-03-26,195.777413
2013-03-27,194.4222
2013-03-28,196.644013
2013-04-01,195.795855
2013-04-02,197.621239
2013-04-03,196.05399
2013-04-04,194.809402
2013-04-05,193.057773
2013-04-08,192.974804
2013-04-09,192.882607
2013-04-10,195.445524
2013-04-11,196.293682
2013-04-12,194.873943
2013-04-15,192.919478
2013-04-16,195.445524
2013-04-17,193.297465
2013-04-18,190.974241
2013-04-19,175.163441
2013-04-22,173.162892
2013-04-23,176.647722
2013-04-24,176.739918
2013-04-25,178.804994
2013-04-26,179.136883
2013-04-29,183.598938
2013-04-30,186.724222
2013-05-01,184.041467
2013-05-02,186.585941
2013-05-03,188.540392
2013-05-06,186.945486
2013-05-07,187.729118
2013-05-08,189.711256
2013-05-09,188.247805
2013-05-10,189.387069
2013-05-13,187.534601
2013-05-14,188.220019
2013-05-15,188.321905
2013-05-16,189.590841
2013-05-17,193.064219
2013-05-20,192.286185
2013-05-21,193.25872
2013-05-22,191.721182
2013-05-23,190.952406
2013-05-24,190.544861
2013-05-28,192.452901
2013-05-29,192.582573
2013-05-30,193.916352
2013-05-31,192.675202
2013-06-03,193.536593
2013-06-04,190.980192
2013-06-05,187.784688
2013-06-06,188.766493
2013-06-07,191.128393
2013-06-10,189.8965
2013-06-11,188.933209
2013-06-12,186.358279
2013-06-13,188.738708
2013-06-14,187.284513
2013-06-17,188.062547
2013-06-18,189.757556
2013-06-19,187.043698
2013-06-20,182.792287
2013-06-21,181.041705
2013-06-24,179.263323
2013-06-25,180.597103
2013-06-26,180.485959
2013-06-27,181.217678
2013-06-28,177.012582
2013-07-01,177.17004
2013-07-02,177.373812
2013-07-03,178.994722
2013-07-05,180.550788
2013-07-08,180.597103
2013-07-09,177.188568
2013-07-10,178.068488
2013-07-11,178.577919
2013-07-12,177.901772
2013-07-15,179.689397
2013-07-16,179.550468
2013-07-17,180.198829
2013-07-18,183.385076
2013-07-19,179.263323
2013-07-22,179.772755
2013-07-23,180.597103
2013-07-24,182.106869
2013-07-25,182.671872
2013-07-26,182.792287
2013-07-29,181.736381
2013-07-30,181.551123
2013-07-31,180.652674
2013-08-01,181.365879
2013-08-02,180.763832
2013-08-05,181.078748
2013-08-06,176.901438
2013-08-07,175.523754
2013-08-08,174.937305
2013-08-09,174.834924
2013-08-12,176.017111
2013-08-13,175.393434
2013-08-14,174.564965
2013-08-15,172.945256
2013-08-16,172.52637
2013-08-19,171.49311
2013-08-20,171.800297
2013-08-21,172.079559
2013-08-22,172.386746
2013-08-23,172.600841
2013-08-26,171.96786
2013-08-27,170.106132
2013-08-28,169.566229
2013-08-29,170.01304
2013-08-30,169.668624
2013-09-03,171.241787
2013-09-04,170.469168
2013-09-05,171.418639
2013-09-06,170.376076
2013-09-09,172.191258
2013-09-10,173.699268
2013-09-11,177.515803
2013-09-12,177.543728
2013-09-13,178.884174
2013-09-16,179.796417
2013-09-17,178.874871
2013-09-18,180.978619
2013-09-19,180.01983
2013-09-20,176.882822
2013-09-23,177.785762
2013-09-24,176.836276
2013-09-25,176.370844
2013-09-26,177.068992
2013-09-27,173.997137
2013-09-30,172.377428
2013-10-01,173.494477
2013-10-02,172.172651
2013-10-03,171.148695
2013-10-04,171.372108
2013-10-07,169.426591
2013-10-08,166.364054
2013-10-09,168.784306
2013-10-10,171.995785
2013-10-11,173.289686
2013-10-14,174.043683
2013-10-15,171.893389
2013-10-16,173.820271
2013-10-17,162.742992
2013-10-18,161.765582
2013-10-21,160.909189
2013-10-22,162.873313
2013-10-23,163.618007
2013-10-24,165.50766
2013-10-25,164.623342
2013-10-28,165.088774
2013-10-29,169.528986
2013-10-30,167.695183
2013-10-31,166.820182
2013-11-01,166.838789
2013-11-04,167.806896
2013-11-05,165.554206
2013-11-06,167.697329
2013-11-07,168.455375
2013-11-08,168.446022
2013-11-11,171.150666
2013-11-12,171.328482
2013-11-13,171.777693
2013-11-14,170.523639
2013-11-15,171.440781
2013-11-18,172.638685
2013-11-19,173.368657
2013-11-20,173.312508
2013-11-21,172.320495
2013-11-22,169.672
2013-11-25,167.463363
2013-11-26,165.937901
2013-11-27,167.491437
2013-11-29,168.155892
2013-12-02,166.096996
2013-12-03,164.786793
2013-12-04,164.468603
2013-12-05,164.786793
2013-12-06,166.274812
2013-12-09,166.078289
2013-12-10,165.760085
2013-12-11,163.963229
2013-12-12,162.250598
2013-12-13,161.717163
2013-12-16,166.443275
2013-12-17,164.48731
2013-12-18,167.23875
2013-12-19,168.661266
2013-12-20,168.474097
2013-12-23,170.542346
2013-12-24,171.468856
2013-12-26,173.462249
2013-12-27,173.209562
2013-12-30,174.454262
2013-12-31,175.539867
2014-01-02,173.630698
2014-01-03,174.669506
2014-01-06,174.070555
2014-01-07,177.542613
2014-01-08,175.914206
2014-01-09,175.36205
2014-01-10,175.249737
2014-01-13,172.34857
2014-01-14,173.995684
2014-01-15,175.698962
2014-01-16,176.653532
2014-01-17,177.898232
2014-01-21,176.344695
2014-01-22,170.561068
2014-01-23,171.010278
2014-01-24,168.118464
2014-01-27,166.490057
2014-01-28,165.507412
2014-01-29,165.086262
2014-01-30,165.984697
2014-01-31,165.348303
2014-02-03,161.810741
2014-02-04,161.754592
2014-02-05,163.064809
2014-02-06,164.363372
2014-02-07,166.791138
2014-02-10,166.687628
2014-02-11,169.09657
2014-02-12,169.604714
2014-02-13,171.110296
2014-02-14,172.85114
2014-02-18,172.380643
2014-02-19,172.154799
2014-02-20,173.387499
2014-02-21,172.004237
2014-02-24,172.625296
2014-02-25,172.418276
2014-02-26,173.199303
2014-02-27,174.337912
2014-02-28,174.243807
2014-03-03,173.387499
2014-03-04,175.438873
2014-03-05,176.097565
2014-03-06,176.568062
2014-03-07,176.605696
2014-03-10,175.39182
2014-03-11,175.739983
2014-03-12,175.231853
2014-03-13,173.048741
2014-03-14,171.458473
2014-03-17,174.846042
2014-03-18,175.787036
2014-03-19,173.810957
2014-03-20,176.812715
2014-03-21,175.655297
2014-03-24,177.142069
2014-03-25,183.53141
2014-03-26,181.254207
2014-03-27,178.628841
2014-03-28,179.212252
2014-03-31,181.131888
2014-04-01,183.02328
2014-04-02,182.129339
2014-04-03,181.320083
2014-04-04,180.454371
2014-04-07,183.042104
2014-04-08,181.884671
2014-04-09,185.037006
2014-04-10,184.133645
2014-04-11,183.672568
2014-04-14,186.100333
2014-04-15,185.394588
2014-04-16,184.811162
2014-04-17,178.798213
2014-04-21,180.924868
2014-04-22,180.811939
2014-04-23,180.416723
2014-04-24,178.995828
2014-04-25,178.440645
2014-04-28,181.743528
2014-04-29,183.597287
2014-04-30,184.877039
2014-05-01,182.110515
2014-05-02,180.143841
2014-05-05,179.974455
2014-05-06,178.817037
2014-05-07,179.167229
2014-05-08,178.798106
2014-05-09,179.905477
2014-05-12,182.262198
2014-05-13,181.902534
2014-05-14,178.618274
2014-05-15,176.479251
2014-05-16,177.047126
2014-05-19,176.99034
2014-05-20,174.993283
2014-05-21,176.412991
2014-05-22,175.740989
2014-05-23,175.987082
2014-05-27,174.88917
2014-05-28,173.28017
2014-05-29,173.923764
2014-05-30,174.491653
2014-06-02,175.750463
2014-06-03,174.501113
2014-06-04,174.633619
2014-06-05,176.024934
2014-06-06,176.394058
2014-06-09,176.252093
2014-06-10,174.425393
2014-06-11,172.494596
2014-06-12,171.519731
2014-06-13,172.788
2014-06-16,172.589249
2014-06-17,172.504056
2014-06-18,173.77234
2014-06-19,173.034092
2014-06-20,171.832068
2014-06-23,172.390484
2014-06-24,171.197933
2014-06-25,171.046494
2014-06-26,170.715223
2014-06-27,171.983507
2014-06-30,171.567057
2014-07-01,176.375139
2014-07-02,178.305936
2014-07-03,178.438442
2014-07-07,177.974665
2014-07-08,177.198565
2014-07-09,178.334329
2014-07-10,177.652868
2014-07-11,177.936812
2014-07-14,179.697252
2014-07-15,178.400589
2014-07-16,182.063433
2014-07-17,182.186479
2014-07-18,182.195938
2014-07-21,180.634265
2014-07-22,183.700826
2014-07-23,183.265457
2014-07-24,184.789278
2014-07-25,183.99423
2014-07-28,185.300367
2014-07-29,184.155143
2014-07-30,183.615647
2014-07-31,181.410364
2014-08-01,179.02525
2014-08-04,179.489027
2014-08-05,177.084993
2014-08-06,177.056436
2014-08-07,175.466482
2014-08-08,177.684806
2014-08-11,178.484541
2014-08-12,178.360768
2014-08-13,178.941531
2014-08-14,178.874893
2014-08-15,178.398858
2014-08-18,180.283953
2014-08-19,180.959929
2014-08-20,180.98849
2014-08-21,182.064319
2014-08-22,181.283629
2014-08-25,181.997681
2014-08-26,183.739971
2014-08-27,183.035434
2014-08-28,182.797417
2014-08-29,183.083041
2014-09-02,182.378504
2014-09-03,182.74981
2014-09-04,181.540677
2014-09-05,182.035758
2014-09-08,181.026566
2014-09-09,180.883761
2014-09-10,182.359458
2014-09-11,182.530838
2014-09-12,182.111925
2014-09-15,182.616521
2014-09-16,183.71141
2014-09-17,183.559075
2014-09-18,184.463539
2014-09-19,184.701556
2014-09-22,183.854215
2014-09-23,182.435625
2014-09-24,183.092556
2014-09-25,179.950723
2014-09-26,180.950399
2014-09-29,180.550531
2014-09-30,180.731427
2014-10-01,178.198917
2014-10-02,177.951384
2014-10-03,179.627022
2014-10-06,179.979283
2014-10-07,176.808904
2014-10-08,180.283953
2014-10-09,177.484865
2014-10-10,177.018346
2014-10-13,174.723868
2014-10-14,174.990447
2014-10-15,173.0387
2014-10-16,171.220243
2014-10-17,173.324324
2014-10-20,160.995022
2014-10-21,155.406362
2014-10-22,154.035379
2014-10-23,154.406686
2014-10-24,154.311488
2014-10-27,154.111547
2014-10-28,155.758638
2014-10-29,155.625349
2014-10-30,156.47269
2014-10-31,156.520282
2014-11-03,156.482206
2014-11-04,154.85416
2014-11-05,154.063955
2014-11-06,154.773308
2014-11-07,155.358046
2014-11-10,156.719236
2014-11-11,156.537103
2014-11-12,155.214249
2014-11-13,156.048215
2014-11-14,157.361487
2014-11-17,157.361487
2014-11-18,155.185493
2014-11-19,154.744537
2014-11-20,153.98726
2014-11-21,154.255663
2014-11-24,155.43472
2014-11-25,155.060872
2014-11-26,155.243006
2014-11-28,155.453896
2014-12-01,154.849982
2014-12-02,155.933189
2014-12-03,157.706579
2014-12-04,157.256042
2014-12-05,156.508346
2014-12-08,155.156737
2014-12-09,156.239943
2014-12-10,153.86264
2014-12-11,154.39946
2014-12-12,148.945103
2014-12-15,146.721177
2014-12-16,145.139515
2014-12-17,145.63797
2014-12-18,151.149839
2014-12-19,151.945467
2014-12-22,154.754132
2014-12-23,155.521004
2014-12-24,155.1184
2014-12-26,155.616854
2014-12-29,153.86264
2014-12-30,153.421698
2014-12-31,153.795546
2015-01-02,155.348451
2015-01-05,152.904054
2015-01-06,149.60653
2015-01-07,148.628768
2015-01-08,151.859198
2015-01-09,152.520625
2015-01-12,149.961202
2015-01-13,150.315874
2015-01-14,149.347708
2015-01-15,148.168651
2015-01-16,150.632209
2015-01-20,150.450076
2015-01-21,145.791347
2015-01-22,148.954684
2015-01-23,149.414801
2015-01-26,149.884513
2015-01-27,147.305915
2015-01-28,145.273717
2015-01-29,149.040953
2015-01-30,146.960823
2015-02-02,148.25492
2015-02-03,151.90713
2015-02-04,150.459671
2015-02-05,151.370325
2015-02-06,151.283437
2015-02-09,150.347085
2015-02-10,153.059604
2015-02-11,152.712092
2015-02-12,153.020998
2015-02-13,154.835772
2015-02-17,155.376358
2015-02-18,156.563686
2015-02-19,158.20471
2015-02-20,157.97303
2015-02-23,157.25871
2015-02-24,159.112104
2015-02-25,157.162173
2015-02-26,155.289469
2015-02-27,156.322358
2015-03-02,154.912998
2015-03-03,155.443922
2015-03-04,153.889772
2015-03-05,155.588713
2015-03-06,153.001688
2015-03-09,155.192947
2015-03-10,152.335622
2015-03-11,151.360663
2015-03-12,152.499723
2015-03-13,148.928077
2015-03-16,151.630949
2015-03-17,151.515117
2015-03-18,154.266242
2015-03-19,154.266242
2015-03-20,157.229752
2015-03-23,158.919045
2015-03-24,157.345585
2015-03-25,153.677402
2015-03-26,155.019183
2015-03-27,154.835772
2015-03-30,157.02703
2015-03-31,154.932309
2015-04-01,153.658092
2015-04-02,154.88404
2015-04-06,156.41888
2015-04-07,156.447853
2015-04-08,156.235484
2015-04-09,156.708476
2015-04-10,157.210442
2015-04-13,156.747097
2015-04-14,156.66987
2015-04-15,158.43639
2015-04-16,157.47108
2015-04-17,155.09641
2015-04-20,160.395969
2015-04-21,158.56187
2015-04-22,159.623718
2015-04-23,164.334437
2015-04-24,163.890388
2015-04-27,164.807429
2015-04-28,167.886772
2015-04-29,168.350117
2015-04-30,165.348001
2015-05-01,167.645444
2015-05-04,167.93504
2015-05-05,167.075915
2015-05-06,165.393296
2015-05-07,166.307557
2015-05-08,167.951265
2015-05-11,166.433987
2015-05-12,165.879604
2015-05-13,167.562225
2015-05-14,169.283758
2015-05-15,168.515384
2015-05-18,168.320864
2015-05-19,168.72936
2015-05-20,169.001692
2015-05-21,168.593195
2015-05-22,167.50387
2015-05-26,165.471107
2015-05-27,167.289893
2015-05-28,167.007841
2015-05-29,165.004241
2015-06-01,165.519726
2015-06-02,165.004241
2015-06-03,165.266851
2015-06-04,163.769029
2015-06-05,162.815855
2015-06-08,160.81227
2015-06-09,161.142955
2015-06-10,164.294235
2015-06-11,164.15807
2015-06-12,162.417094
2015-06-15,161.707074
2015-06-16,162.271193
2015-06-17,162.592158
2015-06-18,163.642585
2015-06-19,162.417094
2015-06-22,163.13682
2015-06-23,164.002448
2015-06-24,162.397638
2015-06-25,161.53201
2015-06-26,160.928994
2015-06-29,158.507175
2015-06-30,158.205667
2015-07-01,159.985555
2015-07-02,160.569116
2015-07-06,160.218973
2015-07-07,160.481584
2015-07-08,158.691975
2015-07-09,159.363082
2015-07-10,162.378181
2015-07-13,164.741645
2015-07-14,163.992727
2015-07-15,163.914916
2015-07-16,166.317278
2015-07-17,167.785922
2015-07-20,168.476486
2015-07-21,158.604443
2015-07-22,155.958927
2015-07-23,157.301126
2015-07-24,155.375352
2015-07-27,154.71398
2015-07-28,155.667139
2015-07-29,156.678653
2015-07-30,156.552223
2015-07-31,157.554016
2015-08-03,154.363838
2015-08-04,153.284234
2015-08-05,153.576007
2015-08-06,153.301422
2015-08-07,152.124582
2015-08-10,153.723111
2015-08-11,152.507051
2015-08-12,153.144508
2015-08-13,152.07556
2015-08-14,152.742421
2015-08-17,153.291605
2015-08-18,152.997395
2015-08-19,150.967375
2015-08-20,149.712094
2015-08-21,145.975668
2015-08-24,140.699553
2015-08-25,138.238027
2015-08-26,143.867177
2015-08-27,145.671642
2015-08-28,145.122458
2015-08-31,145.0342
2015-09-01,139.9248
2015-09-02,142.249045
2015-09-03,143.945634
2015-09-04,140.925108
2015-09-08,144.386941
2015-09-09,142.249045
2015-09-10,143.376832
2015-09-11,144.524237
2015-09-14,142.837449
2015-09-15,144.681151
2015-09-16,145.544163
2015-09-17,145.279372
2015-09-18,141.719464
2015-09-21,143.651424
2015-09-22,141.641007
2015-09-23,140.885887
2015-09-24,141.621404
2015-09-25,142.611895
2015-09-28,139.767901
2015-09-29,139.718863
2015-09-30,142.170588
2015-10-01,140.817231
2015-10-02,141.788119
2015-10-05,146.161987
2015-10-06,145.907013
2015-10-07,147.191714
2015-10-08,149.339427
2015-10-09,149.447303
2015-10-12,148.221441
2015-10-13,146.730789
2015-10-14,147.113257
2015-10-15,147.191714
2015-10-16,147.485924
2015-10-19,146.338519
2015-10-20,137.924199
2015-10-21,138.198791
2015-10-22,141.307576
2015-10-23,141.886179
2015-10-26,140.885887
2015-10-27,135.197883
2015-10-28,138.110533
2015-10-29,137.835941
2015-10-30,137.375016
2015-11-02,137.659409
2015-11-03,139.14026
2015-11-04,138.895088
2015-11-05,137.188682
2015-11-06,136.852125
2015-11-09,133.941849
2015-11-10,134.100235
2015-11-11,133.654788
2015-11-12,131.694798
2015-11-13,130.417848
2015-11-16,132.358036
2015-11-17,132.466925
2015-11-18,134.446702
2015-11-19,135.357398
2015-11-20,137.099597
2015-11-23,137.060008
2015-11-24,137.198592
2015-11-25,136.604653
2015-11-27,137.060008
2015-11-30,138.010293
2015-12-01,139.851487
2015-12-02,138.287461
2015-12-03,137.515349
2015-12-04,139.010075
2015-12-07,138.138983
2015-12-08,136.65415
2015-12-09,135.228708
2015-12-10,135.396987
2015-12-11,133.209341
2015-12-14,134.555576
2015-12-15,136.396769
2015-12-16,137.881603
2015-12-17,135.367292
2015-12-18,133.535991
2015-12-21,134.129931
2015-12-22,136.535353
2015-12-23,137.139186
2015-12-24,136.852125
2015-12-28,136.218597
2015-12-29,138.366653
2015-12-30,137.9311
2015-12-31,136.22849
2016-01-04,134.575378
2016-01-05,134.476398
2016-01-06,133.803266
2016-01-07,131.516625
2016-01-08,130.299066
2016-01-11,131.882879
2016-01-12,131.556214
2016-01-13,129.84371
2016-01-14,131.566122
2016-01-15,128.715238
2016-01-19,126.814653
2016-01-20,120.627848
2016-01-21,121.667234
2016-01-22,121.261376
2016-01-25,120.845625
2016-01-26,121.350463
2016-01-27,119.736947
2016-01-28,120.984209
2016-01-29,123.528223
2016-02-01,123.567819
2016-02-02,121.69693
2016-02-03,123.458931
2016-02-04,126.359305
2016-02-05,127.270009
2016-02-08,126.980003
2016-02-09,124.07
2016-02-10,120.190002
2016-02-11,117.849998
2016-02-12,121.040001
2016-02-16,122.739998
2016-02-17,126.099998
2016-02-18,132.449997
2016-02-19,133.080002
2016-02-22,133.770004
2016-02-23,132.399994
2016-02-24,132.800003
2016-02-25,134.5
2016-02-26,132.029999
2016-02-29,131.029999
2016-03-01,134.369995
